model,letnik,prevozeni_kilometri,gorivo,prostornina_v_ccm,moc_v_kW,menjalnik,cena_v_evrih
Caddy,NOVO,1,dizel,1968,110,rocni,31150
Touran,2006,2,dizel,1896,77,rocni,3950
Buggy,1970,50,bencin,1200,22,rocni,500
Golf,2018,1650,bencin,1498,96,rocni,19800
Golf,2018,3390,bencin,1498,96,rocni,20100
Tiguan,2018,3400,dizel,1968,110,rocni,36340
Touran,2018,4240,dizel,1968,110,rocni,24900
Golf,2018,4550,bencin,1984,228,avtomatski,38383
Golf,2017,4800,bencin,1498,110,rocni,21300
Tiguan,2018,6300,dizel,1968,110,rocni,29999
Touareg,2018,6800,dizel,2967,210,avtomatski,83800
Touareg,2018,8000,dizel,2967,210,avtomatski,74300
Tiguan,2018,8000,dizel,1968,110,avtomatski,41107
Golf,2018,8900,bencin,1395,92,rocni,16290
Tiguan,2018,10250,bencin,1395,93,rocni,25000
Tiguan,2018,14000,dizel,1968,85,rocni,24700
Passat,2018,14769,dizel,1968,110,rocni,23280
Tiguan,2016,17000,dizel,1968,81,rocni,20500
Passat,2018,18381,dizel,1968,110,rocni,23990
Passat,2018,18605,dizel,1968,110,rocni,23280
Passat,2018,20100,dizel,1968,110,rocni,29490
Passat,2018,20980,dizel,1968,110,rocni,23280
Sharan,2017,21000,dizel,1968,135,rocni,28888
Golf,2017,21300,dizel,1598,81,rocni,15890
Golf,2017,21600,dizel,1968,110,rocni,21900
Golf,2016,23000,dizel,1598,81,rocni,15500
Golf,2017,23000,dizel,1968,110,avtomatski,23950
Touran,2007,23700,dizel,1896,77,rocni,6000
Golf,2016,24000,bencin,1984,162,avtomatski,23000
Passat,2009,24300,dizel,1989,82,rocni,7000
Golf,2017,25724,dizel,1598,85,rocni,18500
Transporter,1998,26000,dizel,50,50,rocni,1600
Golf,2015,27500,dizel,1598,77,rocni,14900
Golf,2015,27680,dizel,1598,81,rocni,15490
Golf,1991,27900,dizel,1588,44,rocni,600
Tiguan,2017,28000,dizel,1968,176,avtomatski,42900
Jetta,2017,28000,bencin,1197,77,rocni,14490
Tiguan,2016,30200,dizel,1968,110,rocni,23090
Passat,2003,34000,dizel,1896,96,rocni,1600
Golf,2017,34000,dizel,1598,85,avtomatski,18500
up!,2013,34606,bencin,999,44,rocni,5980
Caddy,2015,39000,dizel,1598,75,rocni,16000
Golf,2016,39000,bencin,1984,221,avtomatski,32360
Tiguan,2017,40000,dizel,1968,110,rocni,29800
Golf,2017,41000,dizel,1598,85,avtomatski,17300
Tiguan,2013,43000,bencin,1984,155,avtomatski,24690
Multivan,2016,43606,dizel,1968,150,avtomatski,41990
Golf,2015,43900,dizel,1598,77,avtomatski,16800
Polo,2006,47520,bencin,1390,59,rocni,2999
Polo,2010,48000,bencin,1390,63,rocni,8200
Polo,2012,49000,bencin,1197,66,rocni,7600
Golf,1996,50000,bencin,1595,74,rocni,350
Golf,2011,50981,dizel,1598,77,avtomatski,9990
Golf,2016,51000,dizel,1598,81,rocni,13500
Sharan,2014,51645,dizel,1968,103,rocni,19980
Hroè,1972,55000,bencin,1200,40,rocni,1000
Golf,2014,55300,bencin,1984,220,avtomatski,24990
Golf,2011,62000,bencin,1197,77,rocni,9200
Multivan,2008,62000,dizel,2460,128,rocni,22500
Golf,2015,64000,bencin,1984,221,avtomatski,29900
Polo,1994,67000,bencin,1272,40,rocni,500
Golf,2013,69215,bencin,1395,90,rocni,14990
Passat,2015,71500,dizel,1968,110,avtomatski,19900
Golf,2010,72000,bencin,1197,77,rocni,6900
Passat,2015,72630,dizel,1968,110,rocni,20888
Passat,2013,74000,dizel,1598,77,rocni,11900
Polo,2003,74025,bencin,1390,55,avtomatski,3460
Golf,2016,75365,dizel,1598,81,rocni,13890
Golf,2007,76337,dizel,1896,77,rocni,8500
Golf,2013,77000,dizel,1968,110,rocni,13850
Golf,2015,78000,dizel,1968,110,rocni,18950
Golf,2006,78000,dizel,1896,66,rocni,6690
Golf,2013,78000,dizel,1598,77,rocni,11900
Golf,2013,79000,dizel,1598,77,rocni,10490
Golf,2014,79000,dizel,1598,77,rocni,9999
Golf,2013,80126,dizel,1968,110,rocni,13999
Polo,2007,81000,bencin,1198,51,rocni,3580
Passat,2013,82000,dizel,1968,103,rocni,13800
Golf,2014,82000,dizel,1598,77,rocni,15490
Golf,2012,82850,bencin,1197,77,rocni,8300
Passat,2015,84650,dizel,1968,110,avtomatski,24750
Golf,2014,85400,dizel,1968,135,rocni,19000
Jetta,2013,85540,dizel,1598,77,rocni,9500
Polo,2008,86191,dizel,1422,59,rocni,5800
Jetta,2016,88613,dizel,1968,81,avtomatski,12990
CC,2014,89000,dizel,1968,103,rocni,16950
Passat,2015,89000,dizel,1968,110,rocni,20990
Golf,2014,89600,dizel,1598,77,rocni,12490
Polo,2015,89820,dizel,1422,55,rocni,6950
Golf,2015,90000,dizel,1968,110,rocni,8700
Passat,2015,92000,dizel,1968,110,rocni,18990
Polo,2012,94000,dizel,1598,66,rocni,7990
Golf,2006,94621,dizel,1896,66,rocni,5690
Fox,2006,94827,bencin,1390,55,rocni,2590
Golf,2016,97504,dizel,1598,81,rocni,12490
Golf,2014,98500,bencin,1984,169,avtomatski,24000
Caddy,2007,98500,dizel,1896,55,rocni,6500
Golf,2015,98780,bencin,1395,92,rocni,14800
Passat,2016,99802,dizel,1968,140,avtomatski,29990
Polo,2011,100000,dizel,1597,67,avtomatski,7000
Golf,2016,101184,dizel,1968,110,rocni,14990
Golf,2014,102000,dizel,1598,81,rocni,10490
Fox,2007,102105,bencin,1390,55,rocni,2600
Lupo,2002,103595,bencin,1390,44,rocni,1700
Jetta,2013,104000,bencin,1197,77,rocni,10999
Golf,2004,108345,bencin,1390,66,rocni,3300
Golf,2012,109000,bencin,1390,90,avtomatski,9250
Golf,2004,109000,bencin,1390,55,rocni,2990
Hroè,1976,110000,bencin,1200,27,rocni,500
Golf,2001,110000,bencin,1390,55,rocni,2390
Passat,2015,111431,dizel,1968,110,rocni,16990
Jetta,2011,112000,dizel,1598,77,rocni,7990
Golf,2009,113000,bencin,1390,90,rocni,7990
Passat,2015,113185,dizel,1968,110,avtomatski,17533
Golf,2015,113347,dizel,1968,110,rocni,12490
Passat,2008,114000,dizel,1968,103,rocni,9980
Passat,2015,114029,dizel,1598,88,avtomatski,14490
Touran,2014,114132,dizel,1968,103,rocni,13800
Fox,2006,115000,bencin,1198,40,rocni,1750
Golf,2005,115000,bencin,1598,85,rocni,1500
Beetle,2013,116000,bencin,1390,118,rocni,15950
Tiguan,2013,116000,dizel,1968,81,rocni,16000
Tiguan,2015,116722,dizel,1968,103,rocni,17990
Passat,2015,117800,dizel,1598,88,avtomatski,16990
Scirocco,2008,118000,bencin,1390,118,rocni,8250
Polo,2015,118800,dizel,1422,66,rocni,9590
Tiguan,2015,119000,dizel,1968,135,avtomatski,22999
Polo,2011,119900,dizel,1198,55,rocni,6200
Fox,2007,120000,bencin,1390,55,rocni,2390
Sharan,2013,120093,dizel,1968,103,rocni,17990
Golf,2013,121000,dizel,1598,77,rocni,10900
Golf,2010,121376,dizel,1598,66,rocni,8290
Golf,2015,122000,dizel,1598,81,rocni,11950
Beetle,2013,122000,dizel,1968,103,rocni,12888
Passat,2015,122993,dizel,1968,110,rocni,17680
Jetta,2012,123000,dizel,1598,77,rocni,10000
Golf,2014,123011,dizel,1598,77,avtomatski,10890
Passat,2015,123050,dizel,1598,88,rocni,14150
Touran,2015,123150,dizel,1598,77,rocni,13999
Sharan,2014,123413,dizel,1968,103,avtomatski,15590
Golf,2012,123729,dizel,1598,77,rocni,7790
Golf,2013,123910,dizel,1968,110,rocni,10500
Golf,2012,124000,dizel,1598,77,rocni,9950
Passat,2015,124348,dizel,1968,110,avtomatski,15990
Passat,2009,125000,dizel,1968,103,rocni,6990
Polo,2015,125000,dizel,1422,55,rocni,8290
Golf,2014,125000,dizel,1598,77,rocni,11450
Passat,2015,125334,dizel,1968,110,rocni,17190
CrossTouran,2012,125600,dizel,1968,103,rocni,12900
Passat,2015,125972,dizel,1968,110,avtomatski,17680
Polo,2000,126000,bencin,1390,44,rocni,770
Passat,2014,126000,dizel,1598,77,rocni,10900
Golf,2014,126245,dizel,1598,81,rocni,10980
Golf,2014,126300,dizel,1598,77,rocni,11990
Golf,2014,126793,dizel,1968,110,avtomatski,15999
Golf,2011,127000,dizel,1598,66,rocni,6800
Golf,2014,127000,dizel,1598,77,avtomatski,10980
Golf,2014,127364,dizel,1598,77,rocni,11500
Polo,2007,128000,bencin,1390,59,rocni,3290
Passat,2016,128000,dizel,1968,140,avtomatski,26250
Polo,2015,128334,dizel,1422,55,rocni,7990
Golf,2016,129000,dizel,1598,81,rocni,15990
Passat,1981,129000,dizel,1588,40,rocni,750
Touran,2016,130000,dizel,1968,110,avtomatski,7850
Passat,1994,130000,bencin,1781,66,rocni,1888
Golf,2012,130000,dizel,1598,66,rocni,8500
Passat,2013,130337,dizel,1968,103,rocni,12280
Tiguan,2009,131000,dizel,1968,103,rocni,9990
Beetle,2002,132000,bencin,1595,75,rocni,2999
Passat,2015,132541,dizel,1968,110,rocni,15990
Passat,2016,133011,dizel,1598,88,rocni,14490
CC,2014,133700,dizel,1968,103,rocni,14950
Golf,2016,133976,dizel,1598,81,avtomatski,11990
Polo,1999,134000,bencin,1000,37,rocni,400
Golf,2015,134136,dizel,1968,110,avtomatski,13299
Golf,2015,134136,dizel,1968,110,avtomatski,13299
Passat,2015,134677,dizel,1968,110,avtomatski,14370
Golf,2014,134947,dizel,1598,77,rocni,10200
Passat,2015,135000,dizel,1968,110,rocni,21850
Passat,2016,135000,dizel,1598,88,rocni,15190
Passat,2015,135307,dizel,1968,110,rocni,17880
Passat,2015,135522,dizel,1598,88,rocni,13990
Golf,2015,135900,dizel,1968,110,avtomatski,12990
CC,2012,135902,dizel,1968,103,rocni,13900
Touran,2015,136000,dizel,1598,77,rocni,12880
Passat,2015,136000,dizel,1598,88,rocni,13190
Tiguan,2016,136000,dizel,1968,110,rocni,21990
Passat,2015,136616,dizel,1968,110,avtomatski,21900
Golf,2015,136711,dizel,1968,110,rocni,13990
Passat,2015,137000,dizel,1968,110,rocni,13690
Golf,2015,137000,dizel,1598,81,rocni,10900
Touran,2012,137114,dizel,1968,125,avtomatski,11900
Golf,2016,137378,dizel,1968,110,avtomatski,17680
Passat,2015,137755,dizel,1968,110,avtomatski,15200
Golf,2013,137820,dizel,1968,103,rocni,13990
Golf,2015,137973,dizel,1598,81,rocni,10550
Golf,2015,137973,dizel,1598,81,rocni,10550
Golf,2015,138000,dizel,1598,66,rocni,9980
Golf,2013,138000,dizel,1598,77,rocni,13500
Polo,2005,138000,dizel,1422,59,rocni,4200
Passat,2013,138009,dizel,1968,130,avtomatski,11690
Touran,2012,138019,dizel,1598,77,avtomatski,10690
Passat,2015,138427,dizel,1598,88,rocni,13990
Passat,2015,138885,dizel,1968,110,rocni,16990
Passat,2015,139000,dizel,1968,140,avtomatski,17777
Golf,2004,139000,bencin,1595,75,rocni,2780
CrossTouran,2011,139006,dizel,1598,77,rocni,10800
Golf,2013,139500,dizel,1598,77,avtomatski,15800
Golf,2015,139600,dizel,1598,81,rocni,11490
Passat,2015,139625,dizel,1598,88,avtomatski,13700
Passat,2015,139821,dizel,1968,110,avtomatski,16740
Passat,2015,139824,dizel,1968,110,avtomatski,16990
Golf,2014,139852,dizel,1968,135,avtomatski,18999
Golf,2015,139988,dizel,1598,81,rocni,10800
Golf,2014,140000,dizel,1968,110,avtomatski,14850
Polo,1998,140000,bencin,1391,44,rocni,250
Golf,2015,140000,dizel,1968,110,rocni,15990
Passat,2012,140000,dizel,1968,103,rocni,11950
Polo,2007,141000,bencin,1390,59,rocni,3800
Golf,2015,141237,dizel,1598,81,rocni,11800
Passat,2014,141262,dizel,1968,103,rocni,12580
Touran,2016,141293,dizel,1598,81,rocni,15890
Golf,2006,141505,dizel,1896,66,rocni,4150
Passat,2015,141576,dizel,1968,110,rocni,15580
Touran,2016,141739,dizel,1598,85,rocni,15800
Tiguan,2014,141750,dizel,1968,103,rocni,13990
Touran,2016,141872,dizel,1598,81,rocni,14980
Touran,2016,142118,dizel,1968,110,rocni,16444
Polo,2014,142142,dizel,1422,55,rocni,2480
Touran,2014,142245,dizel,1968,103,rocni,13580
Golf,2014,142436,dizel,1598,81,rocni,10650
Touran,2014,143000,dizel,1968,103,rocni,13290
Passat,2015,143000,dizel,1968,140,avtomatski,17880
Golf,2013,143980,dizel,1968,110,rocni,15450
Golf,2014,144000,dizel,1598,81,rocni,9990
Passat,2015,144130,dizel,1968,110,rocni,15990
Golf,2014,145000,dizel,1968,110,avtomatski,12500
Golf,2014,145000,dizel,1598,81,rocni,9850
Golf,2013,145000,dizel,1968,103,rocni,9490
Passat,2015,145100,dizel,1968,110,rocni,14990
Passat,2014,145219,dizel,1598,77,rocni,11590
Passat,2015,145462,dizel,1598,88,rocni,13790
Golf,2010,146086,bencin,1984,155,rocni,14000
Golf,2001,147000,bencin,1390,55,rocni,1290
Touran,2015,147047,dizel,1598,81,rocni,14980
Golf,2016,147168,dizel,1598,81,rocni,11590
Touran,2015,147525,dizel,1968,103,rocni,14990
Passat,2015,147948,dizel,1968,110,rocni,14700
Golf,2008,148000,dizel,1896,77,rocni,6790
Touran,2012,148117,dizel,1968,103,avtomatski,12990
Golf,2012,148500,dizel,1968,103,rocni,8250
Tiguan,2013,148813,dizel,1968,81,rocni,12990
Passat,2015,148889,dizel,1968,110,rocni,13960
Passat,2013,148900,dizel,1598,77,rocni,9790
Golf,2015,148931,dizel,1598,81,avtomatski,12890
Golf,2014,149000,dizel,1598,81,rocni,9900
Sharan,2014,149000,dizel,1968,103,rocni,14000
Touran,2014,149000,dizel,1598,77,avtomatski,11990
Golf,2016,149000,dizel,1968,110,rocni,12690
Passat,2009,149000,dizel,1968,103,rocni,11990
Golf,2008,149062,dizel,1896,77,rocni,5850
Golf,2011,149199,dizel,1968,103,rocni,9490
Passat,2015,149800,dizel,1598,88,rocni,13590
Golf,2014,149879,dizel,1598,81,rocni,9890
Jetta,2013,150000,dizel,1598,77,rocni,9800
Golf,2006,150000,bencin,1595,75,rocni,3800
Touareg,2012,150000,dizel,2967,180,avtomatski,24800
Passat,2015,150000,dizel,1598,88,avtomatski,13000
Passat,2015,150000,dizel,1968,140,avtomatski,15930
Sharan,2012,150000,dizel,1968,103,rocni,16900
Golf,2008,150000,dizel,1896,77,rocni,5000
Golf,1997,150000,bencin,1391,44,rocni,390
Beetle,2003,150000,bencin,1595,75,rocni,3300
Golf,1999,150000,bencin,1390,55,rocni,100
Passat,2012,150500,dizel,1968,103,rocni,10990
Passat,2013,150810,dizel,1968,103,rocni,10580
Touran,2011,151000,bencin,1197,77,rocni,9500
Golf,2011,151000,bencin,1390,90,rocni,7600
Passat,2012,151000,dizel,1968,103,rocni,10990
Touran,2012,151221,dizel,1598,77,rocni,11190
Passat,2015,151393,dizel,1968,110,rocni,15450
Golf,2014,151780,dizel,1598,77,rocni,10300
Passat,2016,152000,dizel,1968,110,rocni,15400
Golf,2014,152205,dizel,1598,77,rocni,10990
Golf,2015,153000,dizel,1598,81,rocni,10480
Passat,2013,153000,dizel,1968,103,avtomatski,11250
Golf,2013,153682,dizel,1598,77,rocni,9480
Polo,2006,154000,dizel,1422,59,rocni,2200
Passat,2012,154000,dizel,1598,77,rocni,8990
Touran,2015,154211,dizel,1598,81,rocni,12750
Passat,2016,154701,dizel,1598,88,avtomatski,13880
Passat,2013,155000,dizel,1968,130,rocni,13990
Polo,2003,155000,bencin,1390,55,rocni,1650
Passat,2015,155000,dizel,1968,110,avtomatski,19190
Passat,2014,155000,dizel,1968,103,rocni,10990
Golf,2014,155000,dizel,1598,78,rocni,11850
Passat,2014,156740,dizel,1968,103,rocni,11999
Passat,2014,157000,dizel,1968,103,rocni,12999
Caddy,2012,157000,dizel,1598,55,rocni,6499
Passat,2016,157000,dizel,1598,88,rocni,14790
Touran,2016,157365,dizel,1598,85,rocni,14990
Transporter,2015,157500,dizel,1968,103,rocni,18910
Passat,2014,157573,dizel,1598,77,rocni,10890
Passat,2015,157925,dizel,1598,88,avtomatski,13980
Touran,2012,158000,dizel,1598,77,rocni,10190
Passat,2015,158136,dizel,1968,110,rocni,14990
Polo,2005,158600,bencin,1198,40,rocni,2100
Tiguan,2010,158900,dizel,1968,103,avtomatski,12950
Passat,2015,158909,dizel,1968,110,rocni,16990
Golf,2015,158950,dizel,1598,81,rocni,10990
Polo,1999,159000,bencin,999,37,rocni,450
Touran,2016,159000,dizel,1598,81,rocni,14880
Passat,2015,159000,dizel,1968,140,avtomatski,22000
CC,2012,159000,dizel,1968,103,avtomatski,14000
Passat,2015,159905,dizel,1968,110,rocni,14490
Caddy,2013,160000,dizel,1598,75,rocni,9500
Golf,2010,160000,dizel,1598,77,rocni,6390
Passat,2012,160000,dizel,1968,103,avtomatski,11550
Polo,2002,160000,bencin,1199,47,rocni,1590
Passat,2016,160000,dizel,1968,88,rocni,15200
Golf,2000,160000,bencin,1390,55,rocni,1000
Golf,2010,160000,dizel,1598,77,rocni,6850
Golf,2002,160000,bencin,1595,77,rocni,2050
Touran,2012,160187,dizel,1968,125,avtomatski,14990
Touran,2013,161000,dizel,1598,77,rocni,10390
Passat,2016,161000,dizel,1598,88,rocni,14590
Golf,2014,161354,dizel,1598,81,rocni,10990
Passat,2014,161780,dizel,1968,110,rocni,14390
Passat,2016,162000,dizel,1968,88,rocni,13990
Passat,2014,162000,dizel,1968,103,avtomatski,13200
Polo,2004,162000,bencin,1199,47,rocni,1850
Golf,2005,162087,bencin,1984,147,rocni,5600
Passat,2015,162427,dizel,1968,140,avtomatski,16990
Passat,2015,162987,dizel,1598,88,avtomatski,13990
Polo,2009,163000,dizel,1598,55,rocni,5200
Golf,2015,163049,dizel,1598,81,rocni,12990
Passat,2013,163958,dizel,1968,103,avtomatski,11490
Golf,2014,164366,dizel,1598,81,rocni,9880
Transporter,2014,165000,dizel,1986,132,avtomatski,14800
Touran,2013,165000,dizel,1598,77,rocni,12980
Passat,2015,165000,dizel,1968,110,avtomatski,15990
Golf,2014,165000,dizel,1968,110,rocni,11200
Touran,2010,165000,dizel,1896,77,rocni,8800
Passat,2015,165000,dizel,1968,110,rocni,15990
Polo,2001,165000,bencin,1390,44,rocni,1290
Polo,2000,165300,bencin,999,37,rocni,700
Golf,2008,165500,dizel,1896,66,rocni,6100
Tiguan,2011,165500,dizel,1968,103,avtomatski,15400
Passat,2001,166000,bencin,1781,110,rocni,1990
CC,2013,166000,dizel,1968,103,rocni,14350
Polo,2009,166000,bencin,1198,51,rocni,4990
Touran,2013,166200,dizel,1598,77,rocni,12490
Touareg,2011,166470,dizel,2967,176,avtomatski,26980
Golf,2014,166500,dizel,1598,77,rocni,8990
Golf,2012,167000,bencin,1390,90,avtomatski,7200
Golf,2007,167000,bencin,1595,75,rocni,4450
Passat,2014,167240,dizel,1968,130,avtomatski,15990
Beetle,2005,167900,dizel,1896,74,rocni,4450
Golf,2015,168000,dizel,1968,110,rocni,12600
Passat,2014,168000,dizel,1598,77,rocni,10700
Polo,2001,168000,bencin,1390,44,rocni,950
Touran,2011,169000,dizel,1598,77,rocni,9988
Golf,2009,169000,dizel,1598,77,rocni,6500
Golf,2015,169000,dizel,1598,81,rocni,10590
Golf,2014,169000,dizel,1968,110,rocni,11990
Polo,2004,169000,bencin,1199,40,rocni,1650
Scirocco,2008,169000,bencin,1390,118,rocni,8973
Golf,2007,169000,bencin,1984,147,avtomatski,6500
Golf,2009,169000,dizel,1968,103,rocni,5700
Fox,2006,169540,bencin,1390,55,rocni,1990
Lupo,1999,170000,bencin,999,37,rocni,350
Golf,2009,170000,dizel,1968,125,rocni,10000
Passat,2008,170000,dizel,1968,103,avtomatski,6990
Golf,2005,170000,dizel,1896,77,rocni,5300
Polo,2000,170000,bencin,999,37,rocni,600
Passat,2010,170000,dizel,1598,77,rocni,7130
Golf,2008,170065,dizel,1896,77,rocni,5290
Golf,2014,170200,dizel,1598,77,rocni,8490
Golf,2002,171000,bencin,1390,55,rocni,1250
CC,2010,171000,dizel,1968,103,rocni,11500
Golf,2015,171000,dizel,1968,110,avtomatski,12690
Polo,1995,171000,bencin,129,40,rocni,450
Golf,2000,171000,bencin,1390,55,rocni,499
Golf,2014,171388,dizel,1598,77,rocni,9990
Touran,2011,171579,dizel,1598,77,rocni,7790
Passat,2015,171942,dizel,1968,110,rocni,14250
Golf,2011,172000,dizel,1598,77,rocni,7490
Touran,2013,172474,dizel,1968,103,rocni,12899
Golf,2014,172500,dizel,1598,77,rocni,9990
Golf,2003,173000,dizel,1896,50,rocni,1700
Golf,2014,173000,dizel,1598,77,avtomatski,8999
Touran,2013,173073,dizel,1968,103,avtomatski,14000
Sharan,2015,173825,dizel,1968,103,rocni,15499
Passat,2015,173955,dizel,1968,110,rocni,14280
Golf,2002,174000,bencin,1390,55,rocni,1900
Golf,2013,174000,dizel,1968,110,rocni,12000
Passat,2011,174000,dizel,1968,104,rocni,11299
Scirocco,2009,174987,bencin,1390,90,rocni,8500
Golf,2007,175000,dizel,1896,66,rocni,6400
Polo,2005,175000,dizel,1422,59,rocni,3250
Lupo,2002,175000,bencin,1390,44,rocni,1800
Golf,2013,175000,dizel,1598,77,rocni,9790
Sharan,2013,175000,dizel,1968,104,rocni,16000
Passat,2015,175146,dizel,1968,110,rocni,15999
Golf,2005,176000,dizel,1896,66,rocni,4600
Passat,2015,176000,dizel,1968,110,rocni,15990
Passat,2008,176200,dizel,1896,77,rocni,6300
Touran,2012,177000,dizel,1598,77,rocni,7950
Polo,2002,177000,bencin,1199,47,rocni,860
Passat,2015,177469,dizel,1968,110,rocni,16999
Bora,2000,178600,dizel,1896,81,rocni,3500
Golf,2014,179000,dizel,1598,77,rocni,9790
Passat,2015,179000,dizel,1968,110,avtomatski,16500
Passat,2015,179222,dizel,1968,110,rocni,16990
Passat,2013,179458,dizel,1968,130,avtomatski,12900
Passat,2012,179600,dizel,1968,103,rocni,14800
Polo,2008,179800,dizel,1422,59,rocni,3950
Golf,2015,179876,dizel,1968,110,rocni,14799
Passat,2009,180000,dizel,1968,103,rocni,6890
Sharan,2012,180000,dizel,1968,103,avtomatski,14150
Polo,2004,180000,bencin,1198,40,rocni,1890
Touareg,2011,180000,dizel,2967,176,avtomatski,19990
Touran,2013,180000,dizel,1598,77,avtomatski,10990
Golf,2014,180361,dizel,1968,110,avtomatski,12250
Polo,2004,180400,dizel,1896,47,rocni,2490
Passat,2002,181000,dizel,1896,96,rocni,2999
Touran,2008,181000,dizel,1968,103,avtomatski,6000
Passat,2010,181000,dizel,1598,77,rocni,7400
Polo,2002,181251,bencin,1199,40,rocni,1000
Golf,2013,182000,dizel,1968,110,rocni,10399
Passat,2015,182000,dizel,1968,110,rocni,14590
Passat,2006,182200,bencin,1984,149,rocni,4799
Golf,2008,182351,dizel,1896,77,rocni,6000
Golf,2012,182698,dizel,1968,103,rocni,9999
Passat,2012,184000,dizel,1598,77,rocni,7600
Golf,2009,184000,bencin,1798,118,rocni,6900
Passat,2014,184792,dizel,1968,103,rocni,11490
Passat,2003,185000,dizel,1896,96,rocni,2990
Golf,2007,185000,dizel,1896,66,rocni,5490
Golf,2006,185300,dizel,1896,66,rocni,4490
Passat,2015,185999,dizel,1598,88,rocni,12850
Golf,2000,186000,dizel,1896,66,rocni,2500
Golf,2013,186000,dizel,1968,110,rocni,11290
Golf,2004,186500,dizel,1968,55,rocni,3890
Touran,2004,187055,dizel,1896,77,rocni,2800
Passat,2007,187738,bencin,3189,184,avtomatski,6990
Passat,1997,188000,bencin,1781,92,rocni,400
Passat,2012,188954,dizel,1598,77,rocni,9240
Golf,1999,189000,bencin,1390,55,rocni,400
Golf,2008,189000,dizel,1896,77,rocni,5480
Touran,2014,189000,dizel,1968,103,rocni,11490
Passat,2006,189100,bencin,1984,110,rocni,3650
Sharan,2012,189292,dizel,1968,103,avtomatski,14500
Touran,2011,189456,dizel,1598,77,rocni,7980
Polo,2006,189500,dizel,1896,74,rocni,3400
Polo,1998,189650,bencin,1390,44,rocni,500
Polo,1999,189700,bencin,999,37,rocni,300
Golf,2004,190000,dizel,1896,66,rocni,3900
Golf,1991,190000,dizel,1588,44,rocni,1290
Golf,2010,190000,dizel,1598,66,rocni,5890
Touran,2008,190000,dizel,1896,77,rocni,5800
Passat,2011,190000,dizel,1598,77,rocni,7650
Polo,1998,190000,bencin,1000,37,rocni,130
Multivan,2007,191000,dizel,1896,75,rocni,13990
Golf,2001,191000,dizel,1896,50,rocni,2200
CC,2012,191500,dizel,1968,103,rocni,13490
Passat,2012,192000,dizel,1968,103,rocni,11200
Golf,2011,192800,bencin,1390,59,rocni,6500
Passat,2010,193000,dizel,1968,103,rocni,7700
Golf,2015,193426,dizel,1968,110,rocni,12885
Passat,2006,193598,dizel,1968,103,rocni,4999
Passat,2013,193800,dizel,1968,103,avtomatski,11290
Golf,2000,194000,bencin,1390,55,rocni,1300
Scirocco,2011,195000,dizel,1968,103,rocni,11400
Golf,1999,195000,dizel,1896,50,rocni,1300
Passat,2013,195000,dizel,1968,103,avtomatski,11990
Passat,2007,195000,dizel,1896,77,rocni,3900
Polo,2012,195000,dizel,1598,77,rocni,5800
Passat,2015,196000,dizel,1968,140,avtomatski,19333
Golf,2000,197000,bencin,1390,55,rocni,1200
Passat,2009,197000,dizel,1968,125,avtomatski,9500
Passat,2010,197000,dizel,1968,103,rocni,5900
CrossTouran,2009,197555,bencin,1390,103,rocni,6990
Transporter,2002,197558,dizel,2461,65,rocni,3950
Polo,2011,197800,bencin,1197,77,rocni,5850
Passat,2015,198000,dizel,1968,110,rocni,14590
Passat,2002,198000,dizel,1896,96,rocni,3750
Touran,2011,198456,dizel,1598,77,rocni,7654
Passat,2013,198500,dizel,1968,103,rocni,10414
Scirocco,2012,199598,dizel,1968,103,rocni,11900
Passat,2015,199999,dizel,1968,110,avtomatski,12990
Golf,1999,200000,bencin,1390,55,rocni,300
Golf,2009,200000,dizel,1968,81,rocni,6500
Golf,1991,200000,dizel,1590,40,rocni,750
Touran,2011,200000,dizel,1968,103,avtomatski,9500
Touran,2011,200000,dizel,1598,77,rocni,8290
Passat,2012,200000,dizel,1968,103,rocni,8999
Passat,2003,200000,bencin,2324,125,avtomatski,2300
Passat,2002,200000,bencin,1781,110,rocni,900
Passat,2004,200080,dizel,1896,96,rocni,4400
Golf,2009,201000,dizel,1968,81,rocni,6450
Passat,2013,201000,dizel,1968,103,avtomatski,9900
Golf,2006,201600,dizel,1968,103,rocni,5200
Passat,2013,202000,dizel,1968,103,avtomatski,11500
Transporter,2014,203000,dizel,1968,132,avtomatski,15800
Golf,2011,203000,dizel,1598,77,rocni,6600
Touran,2013,203254,dizel,1598,77,avtomatski,8499
Passat,2012,203500,dizel,1590,77,rocni,8800
Golf,2011,203538,dizel,1598,77,rocni,7790
Golf,2011,204000,dizel,1598,77,rocni,5690
Passat,2010,204000,dizel,1598,77,rocni,6490
Golf,2009,205000,dizel,1968,81,rocni,7200
Passat,1997,205000,bencin,1781,110,rocni,800
Passat,2012,206000,dizel,1598,77,rocni,8999
Passat,2015,206380,dizel,1968,110,avtomatski,16999
Passat,2008,207000,dizel,1896,77,rocni,5280
Passat,2008,208000,dizel,1896,77,rocni,5400
Passat,2009,208000,dizel,1968,81,rocni,6300
Golf,2011,208000,dizel,1968,103,rocni,8950
Touran,2010,208000,dizel,1968,103,rocni,9300
Passat,2012,209000,dizel,1968,103,rocni,15900
Golf,2005,210000,dizel,1896,77,rocni,4450
Polo,2006,210000,bencin,1198,47,rocni,2000
Polo,2002,210000,bencin,1390,55,rocni,300
Golf,2000,210000,dizel,1896,74,rocni,2590
Polo,2003,210000,bencin,1390,55,rocni,1450
Jetta,2006,210838,dizel,1896,77,rocni,3599
Passat,2010,211344,dizel,1968,125,rocni,9990
Passat,2008,212040,dizel,1968,103,rocni,9150
Passat,2008,212040,dizel,1968,103,rocni,9150
Passat,2009,212600,dizel,1968,103,avtomatski,5600
Golf,2004,213000,dizel,1896,77,rocni,4350
Golf,2004,213000,dizel,1968,55,rocni,3500
Golf,2009,213300,dizel,1968,103,avtomatski,6800
Passat,2014,214000,dizel,1968,103,rocni,12900
Golf,2000,214000,bencin,1390,55,rocni,850
Passat,2008,215000,dizel,1968,103,rocni,6699
Touareg,2007,215000,dizel,2461,128,rocni,7490
Golf,2005,215900,dizel,1896,77,rocni,4399
Golf,2000,217000,dizel,1896,66,avtomatski,1900
Touran,2011,217000,dizel,1968,103,rocni,10500
Golf,2004,218000,dizel,1896,66,rocni,4000
Transporter,2013,218000,dizel,1968,103,rocni,15490
Passat,2012,218000,dizel,1968,103,rocni,9000
Golf,2013,218000,dizel,1598,77,rocni,7999
Golf,2008,219000,dizel,1896,77,rocni,4700
Golf,2010,219000,dizel,1968,103,rocni,7900
Passat,2012,219000,dizel,1598,77,rocni,9600
Golf,2002,219000,dizel,1896,50,rocni,1600
Passat,2005,219000,dizel,1896,96,rocni,4200
Polo,2012,219000,dizel,1200,55,rocni,5690
Golf,2006,219000,dizel,1896,66,rocni,6000
Golf,2010,219000,dizel,1598,66,rocni,6200
Golf,1999,219373,dizel,1896,50,rocni,1400
Golf,1990,220000,dizel,1588,44,rocni,500
Golf,2008,220000,dizel,1896,66,rocni,4700
Caddy,1992,220000,dizel,1589,44,rocni,2900
Passat,1999,220000,dizel,1896,66,rocni,780
Lupo,2000,220000,dizel,1191,45,rocni,1000
Passat,2015,221000,dizel,1968,110,rocni,12100
Passat,2015,221000,dizel,1968,110,rocni,11850
Passat,2015,221958,dizel,1968,110,rocni,12700
Beetle,2003,223000,dizel,1896,66,rocni,2000
Bora,2002,223000,dizel,1896,66,rocni,2090
Golf,2007,225000,bencin,1595,75,rocni,5250
Passat,2009,225000,dizel,1968,81,rocni,6490
Passat,2012,225000,dizel,1968,125,avtomatski,12500
Passat,2009,226000,dizel,1968,103,rocni,6250
Touran,2012,226000,dizel,1598,77,avtomatski,8250
Golf,2009,226000,dizel,1968,81,rocni,6490
Passat,2003,226000,dizel,1896,74,rocni,2390
Golf,2003,227000,dizel,1896,50,rocni,2100
Golf,2005,227000,dizel,1896,50,rocni,2490
Passat,2005,227600,bencin,1984,110,rocni,4199
Passat,2008,228000,dizel,1896,77,rocni,4999
Golf,2004,228000,dizel,1968,103,rocni,3750
Golf,1998,228640,bencin,1390,55,rocni,550
Passat,2010,228700,dizel,1598,77,rocni,6990
Touareg,2005,229500,dizel,2461,128,rocni,6990
Polo,2003,230000,dizel,1422,55,rocni,1250
Passat,2008,230000,dizel,1896,77,rocni,5290
Touran,2014,230000,dizel,1968,103,rocni,9990
Golf,2000,230000,dizel,1896,81,rocni,700
Golf,2001,230000,dizel,1896,74,rocni,2200
Passat,2003,230000,dizel,1896,74,rocni,3200
Golf,2005,230300,dizel,1968,55,rocni,2690
Passat,2010,230600,dizel,1968,81,rocni,5599
Golf,2005,231000,dizel,1968,103,rocni,3980
Touareg,2009,232000,dizel,2461,128,avtomatski,11500
Golf,2010,232000,dizel,1598,77,rocni,6350
Golf,2000,232000,bencin,1781,110,rocni,4200
Passat,2004,232000,dizel,1896,96,rocni,3450
Beetle,1999,232467,dizel,1896,66,rocni,2650
Golf,1997,233000,dizel,1896,47,rocni,790
Golf,2005,234000,dizel,1896,74,rocni,2800
Passat,2008,234000,dizel,1968,103,rocni,5950
Golf,2010,234000,dizel,1598,77,rocni,6300
Touareg,2005,234876,dizel,2461,128,avtomatski,6850
Passat,2012,235562,dizel,1598,77,rocni,7790
Passat,2011,235600,dizel,1968,103,rocni,9990
Touran,2005,236000,dizel,1896,77,rocni,3950
Passat,2009,236027,dizel,1968,125,avtomatski,5990
Golf,2012,236550,dizel,1968,103,rocni,8580
Passat,2012,237000,dizel,1968,103,rocni,9700
Passat,2007,237012,dizel,1968,103,rocni,4490
Passat,2008,238248,dizel,1968,103,avtomatski,4700
Passat,2011,238250,dizel,1968,103,rocni,7750
Passat,2009,238800,dizel,1968,81,rocni,7650
Golf,1999,239000,dizel,1896,50,rocni,1100
Passat,2007,239000,dizel,1968,125,rocni,6499
Golf,2004,239000,dizel,1968,55,rocni,3200
Passat,2007,240000,dizel,1968,103,avtomatski,4950
Passat,2012,240000,dizel,1968,125,avtomatski,5000
Passat,2011,240000,dizel,1968,103,avtomatski,7800
Tiguan,2009,240000,dizel,1968,103,rocni,8950
Golf,2004,240000,dizel,1896,50,rocni,2490
Sharan,2001,240138,bencin,1781,110,rocni,1200
Polo,2007,240691,dizel,1422,59,rocni,3500
Golf,2005,242000,dizel,1896,77,rocni,4550
Caddy,2008,242000,dizel,1896,55,rocni,4990
Golf,2007,242000,bencin,1595,75,rocni,3500
Golf,2006,242475,dizel,1896,66,rocni,3450
Touareg,2007,243000,dizel,2967,165,avtomatski,9900
Passat,2011,243000,dizel,1968,103,avtomatski,9250
Golf,2001,243053,dizel,1896,96,rocni,1400
Passat,2011,244000,dizel,1968,103,rocni,7590
Golf,2007,244000,dizel,1896,77,rocni,5990
Passat,1999,245000,dizel,1896,85,rocni,2000
Polo,2001,245000,bencin,1390,44,rocni,300
Golf,2010,245000,dizel,1598,77,rocni,6499
Touran,2007,245000,dizel,1896,77,rocni,5000
Golf,2002,245000,dizel,1896,74,rocni,1600
Passat,2006,245000,dizel,1968,103,rocni,5500
Passat,2008,246000,dizel,1968,103,rocni,6000
Sharan,2009,246300,dizel,1968,103,rocni,6990
Passat,2015,247000,dizel,1968,110,rocni,12790
Polo,2003,247000,dizel,1896,47,rocni,1500
Passat,2011,247000,dizel,1968,125,rocni,13499
Passat,2005,247600,dizel,1968,103,rocni,3999
Golf,2011,248000,bencin,1197,77,rocni,5750
Touran,2011,248000,dizel,1968,103,rocni,8700
Passat,2011,248100,dizel,1968,103,rocni,8200
Golf,2000,249000,dizel,1896,66,rocni,1490
Golf,2005,249000,dizel,1896,66,rocni,3790
Golf,2000,250000,dizel,1896,85,rocni,2500
Passat,2007,250000,dizel,1968,103,rocni,6580
Transporter,2010,250000,dizel,1996,75,rocni,9600
Sharan,2009,250000,dizel,1968,103,rocni,7968
Passat,2000,250000,bencin,2327,110,rocni,700
Passat,2006,250000,dizel,1968,125,rocni,6890
Passat,2007,250000,dizel,1968,103,rocni,5500
Golf,2003,250000,dizel,1896,50,rocni,2250
Sharan,1998,250000,bencin,1781,110,rocni,1100
Passat,2012,250000,dizel,1598,77,rocni,8199
Tiguan,2010,250000,dizel,1968,103,avtomatski,10800
Touran,2008,250000,dizel,1896,77,rocni,5900
Caddy,2008,250000,dizel,1896,77,avtomatski,6450
Passat,2003,251000,dizel,2496,110,rocni,1700
Passat,2008,253000,dizel,1968,103,rocni,3999
Passat,2013,253300,dizel,1968,103,rocni,10200
Sharan,2007,254000,dizel,1896,85,avtomatski,4900
Passat,2008,254000,dizel,1896,77,rocni,5199
Amarok,2012,254200,dizel,1996,120,rocni,14900
Golf,1996,254784,bencin,1391,44,rocni,220
Touran,2006,255000,dizel,1896,77,rocni,4190
Passat,2006,255000,dizel,1968,103,rocni,3990
Golf,2000,255000,dizel,1896,97,rocni,1950
Golf,2000,255255,bencin,1595,74,rocni,750
Passat,2015,256400,dizel,1968,103,rocni,9700
Passat,2004,257000,dizel,1896,96,rocni,3600
Passat,2007,257000,dizel,1968,125,avtomatski,6900
Passat,2010,257000,dizel,1968,103,rocni,5200
Golf,2006,258000,dizel,1896,66,rocni,4090
Passat,2008,258000,dizel,1896,77,rocni,3950
Passat,2009,259000,dizel,1968,103,rocni,5990
Touran,2009,259000,dizel,1896,77,rocni,6450
Passat,2000,260000,dizel,1896,85,rocni,1200
Passat,2010,260000,dizel,1598,77,rocni,6500
Passat,2006,260000,dizel,1968,103,rocni,3750
Golf,2007,260000,dizel,1896,77,rocni,3690
Passat,2011,260000,dizel,1968,125,avtomatski,9250
Golf,2007,260000,dizel,1896,77,rocni,5499
Golf,1987,260000,dizel,1588,37,rocni,1000
Passat,2007,260000,dizel,1896,77,rocni,3900
Golf,2004,260000,dizel,1896,50,rocni,2450
Golf,2004,260000,dizel,1968,55,rocni,1300
Passat,2006,260000,bencin,1984,110,rocni,3450
Touran,2008,260000,dizel,1968,103,rocni,5800
Golf,2005,261000,dizel,1896,66,rocni,3690
Golf,2004,261848,dizel,1896,77,rocni,4000
Passat,2008,262000,dizel,1896,77,rocni,4999
Golf,2006,263000,dizel,1968,103,rocni,4990
Touran,2007,263000,dizel,1896,77,rocni,5800
Golf,2004,263000,dizel,1968,55,rocni,2650
Passat,2001,263000,dizel,1896,74,rocni,2700
Golf,2007,263300,dizel,1896,77,rocni,5000
Golf,2007,264000,dizel,1896,77,rocni,5199
Touran,2008,264000,dizel,1896,77,rocni,5550
Touareg,2007,264674,dizel,2967,176,avtomatski,10000
Golf,2004,265000,dizel,1896,77,rocni,3450
Touareg,2006,265000,dizel,2967,165,avtomatski,8300
Passat,2009,265000,dizel,1968,81,rocni,4090
Polo,1997,265000,bencin,1391,44,rocni,450
Golf,2004,265000,bencin,1598,85,rocni,1990
Caddy,2004,265000,dizel,1968,51,rocni,3450
Passat,2009,265609,dizel,1968,103,avtomatski,4980
Passat,2011,265700,dizel,1968,103,rocni,7990
Passat,2007,265800,dizel,1896,77,rocni,4300
Golf,2011,266000,dizel,1598,77,rocni,6500
Passat,2007,266000,dizel,1968,103,rocni,5000
Touran,2008,266000,dizel,1896,77,rocni,5990
Polo,2002,266500,bencin,1390,55,avtomatski,1190
Passat,2002,267000,dizel,1896,96,avtomatski,2690
Passat,2006,267000,dizel,1968,103,rocni,4900
Golf,2006,267108,dizel,1896,66,rocni,4150
Touareg,2010,269000,dizel,2967,176,avtomatski,19999
Passat,2007,269400,dizel,1968,103,rocni,3999
Passat,1998,270000,dizel,1896,66,rocni,1050
Passat,2007,270000,dizel,1968,125,rocni,6200
Golf,2000,270000,dizel,1896,85,rocni,1800
Sharan,2002,270000,dizel,1896,66,rocni,1890
Passat,2011,271000,dizel,1968,105,rocni,7300
Touareg,2004,273000,dizel,2461,128,rocni,6900
Passat,2006,273000,dizel,1968,103,rocni,4290
Touareg,2007,273000,dizel,2967,165,avtomatski,11890
Golf,2006,274000,dizel,1896,77,rocni,4950
Passat,2009,275081,dizel,1968,103,avtomatski,6480
Touran,2011,275201,dizel,1968,103,avtomatski,10690
Touran,2005,275563,dizel,1896,77,rocni,3500
Sharan,2013,276523,dizel,1968,103,avtomatski,14850
Caddy,2004,277000,dizel,1968,51,rocni,3350
Golf,1988,278000,dizel,1588,37,rocni,4000
Touran,2013,278000,dizel,1598,77,rocni,7500
Golf,2000,278525,dizel,1896,85,rocni,1680
Transporter,2008,279000,dizel,2460,96,rocni,9977
Sharan,2010,279000,dizel,1968,103,rocni,9480
Golf,2001,280000,dizel,1896,81,rocni,1600
Passat,2006,280000,dizel,1968,103,rocni,3350
Sharan,2004,280000,dizel,1896,85,avtomatski,2750
Golf,2001,280000,dizel,1896,50,rocni,650
Beetle,1999,280500,dizel,1896,66,rocni,2990
Touran,2009,281000,dizel,1896,77,rocni,5900
Sharan,2013,281607,dizel,1968,103,rocni,15990
Golf,2004,282400,dizel,1896,66,rocni,1950
Passat,2009,282800,dizel,1968,103,rocni,5000
Passat,2005,284000,dizel,1968,103,rocni,3800
Passat,1996,285000,dizel,1896,66,rocni,190
Passat,2008,285000,dizel,1896,77,rocni,5300
Touareg,2005,285000,dizel,2967,165,avtomatski,8000
Passat,2004,286000,dizel,1896,96,rocni,790
Passat,2006,286000,dizel,1968,103,rocni,5990
Passat,2006,287000,dizel,1968,103,rocni,4990
Passat,1999,287030,bencin,1781,92,rocni,480
Golf,2004,288000,dizel,1968,55,rocni,3370
Passat,2006,288000,dizel,1968,103,rocni,4990
Beetle,2000,289000,dizel,1896,66,rocni,1450
Golf,2004,289000,dizel,1896,77,rocni,3299
Passat,2000,290000,dizel,1896,85,rocni,340
Passat,2003,290000,dizel,1896,96,rocni,3290
Passat,2008,290000,dizel,1968,103,rocni,4999
Touran,2003,290000,dizel,1968,103,rocni,2990
Golf,1995,290000,dizel,1896,47,rocni,370
Golf,2005,290000,dizel,1896,66,rocni,3240
Transporter,2011,290000,dizel,1968,103,rocni,13420
Golf,1991,290442,dizel,1588,44,rocni,850
Passat,2006,290500,dizel,1896,77,rocni,4990
Golf,2007,290881,bencin,1595,75,rocni,3200
Touran,2005,291000,dizel,1896,77,rocni,3500
Golf,1991,291000,dizel,1588,40,rocni,500
Passat,2009,291788,dizel,1968,103,avtomatski,4750
Passat,2008,292000,dizel,1896,77,rocni,4900
Passat,2005,294000,dizel,1968,103,avtomatski,3200
Passat,2006,294282,dizel,1968,103,rocni,4850
Golf,2005,294351,dizel,1896,66,rocni,2890
Touran,2006,295836,dizel,1896,77,rocni,3200
Touareg,2005,296486,dizel,2461,128,avtomatski,2600
Passat,2004,296521,dizel,1896,96,rocni,2450
Passat,2007,298000,dizel,1896,77,rocni,3200
Passat,2004,298000,dizel,1896,74,rocni,2888
Touran,2008,298000,dizel,1968,103,rocni,6200
Passat,2004,298000,dizel,1896,74,rocni,2300
Passat,2005,298000,dizel,1896,74,rocni,2500
Passat,2004,298000,dizel,1896,74,rocni,2450
CrossTouran,2007,298000,dizel,1896,77,rocni,5400
Golf,2004,299000,dizel,1896,77,rocni,3990
Passat,2007,299000,dizel,1968,103,rocni,4390
Touran,2003,299840,dizel,1896,74,rocni,3800
Passat,2004,300000,dizel,1896,96,rocni,1850
Passat,1999,300000,dizel,1896,81,rocni,1150
Golf,1997,300000,dizel,1896,66,rocni,1000
Sharan,2003,300000,dizel,1896,85,rocni,3690
Passat,2006,300000,dizel,1968,103,rocni,3300
Golf,2004,300000,dizel,1896,81,rocni,1590
Golf,2004,300000,dizel,1896,66,rocni,3650
Golf,2004,300000,dizel,1896,66,rocni,3500
Passat,2003,300000,dizel,1896,74,rocni,1100
Passat,2000,300000,dizel,1896,85,rocni,1300
Passat,1999,300000,dizel,1896,81,rocni,999
Golf,1995,300000,dizel,1896,47,rocni,600
Passat,2002,302000,dizel,1896,96,rocni,2700
Touareg,2007,302778,dizel,2967,176,avtomatski,9777
Golf,2002,303150,dizel,1896,96,rocni,1950
Passat,2008,304000,dizel,1896,77,rocni,4400
Golf,1999,305000,dizel,1896,50,rocni,999
Caddy,2010,305000,dizel,1896,77,rocni,3300
Touran,2004,305000,dizel,1896,77,rocni,2900
Touran,2006,305453,dizel,1896,77,rocni,4400
Passat,2008,306000,dizel,1896,77,rocni,4950
Golf,2005,306243,dizel,1896,66,rocni,4050
Golf,1999,309000,dizel,1896,50,rocni,999
Passat,2004,309000,dizel,1896,96,rocni,2250
Sharan,2005,310000,dizel,1896,85,rocni,3290
Caravelle,2002,310000,dizel,2459,75,rocni,6800
Passat,1999,310000,bencin,1781,110,rocni,1099
Passat,2006,310000,dizel,1968,103,rocni,3750
Passat,2001,310000,dizel,1896,74,rocni,950
Passat,2006,310000,dizel,1968,125,avtomatski,3500
Polo,2003,310000,dizel,1896,74,rocni,1700
Passat,2006,310000,dizel,1968,103,rocni,3750
Passat,1998,310000,dizel,1896,66,rocni,1650
Passat,2005,311000,dizel,1968,100,rocni,3650
Golf,1998,311000,dizel,1896,81,rocni,1300
Golf,1995,312000,bencin,1391,44,rocni,320
Golf,2010,313000,dizel,1598,77,rocni,5555
Golf,2000,314000,dizel,1896,66,rocni,720
Passat,2008,315000,dizel,1896,77,rocni,5100
Golf,1988,316000,dizel,1588,44,rocni,530
Sharan,2002,318000,dizel,1890,85,avtomatski,2150
Passat,2007,319000,dizel,1968,103,rocni,7000
-,2008,320000,dizel,2489,100,avtomatski,9000
Passat,2006,320000,dizel,1968,103,rocni,3000
Polo,1999,320000,dizel,1896,47,rocni,550
Passat,1999,320115,dizel,1896,66,rocni,1100
Jetta,2008,321000,dizel,1896,77,rocni,4990
Golf,2002,322000,dizel,1896,66,rocni,1690
Passat,2004,322239,dizel,1896,96,rocni,2800
Passat,2004,323000,dizel,1896,96,rocni,2490
Passat,2001,323500,dizel,1896,74,rocni,1290
Passat,2001,323500,dizel,1896,96,rocni,2250
Passat,2012,324000,dizel,1968,103,avtomatski,7990
Passat,2010,326000,dizel,1968,81,rocni,5990
Passat,2006,326200,dizel,1968,103,rocni,2900
Golf,2006,326389,dizel,1896,66,rocni,3000
Passat,2003,326700,dizel,1896,74,rocni,1650
Passat,2013,327000,dizel,1968,103,rocni,7700
Golf,2003,327000,dizel,1896,74,rocni,1300
Passat,2003,329000,dizel,1896,74,rocni,1950
Golf,2000,330000,bencin,1390,55,rocni,850
Golf,2000,330000,dizel,1896,66,rocni,1499
Golf,1999,331000,dizel,1896,66,rocni,890
Passat,1998,331645,dizel,1896,81,rocni,800
Golf,2004,333000,dizel,1896,66,rocni,3600
Passat,2005,334000,dizel,1896,96,rocni,3690
Passat,2001,335000,dizel,2496,110,rocni,2700
Passat,2005,337000,dizel,1896,74,rocni,1900
Touareg,2008,338000,dizel,2967,176,avtomatski,9600
Caddy,2005,338000,dizel,1896,77,rocni,3777
Passat,1998,340000,dizel,1896,81,avtomatski,1000
Passat,2011,340000,dizel,1598,77,rocni,9100
Transporter,2007,340000,dizel,1896,75,rocni,6990
Golf,1998,340000,dizel,1900,66,rocni,600
Golf,2005,340000,dizel,1896,74,rocni,4000
Multivan,2004,342000,dizel,2460,128,rocni,8000
Passat,2001,345000,dizel,1896,96,avtomatski,1950
Passat,2011,345000,dizel,1968,103,rocni,10500
Golf,1999,350000,dizel,1896,66,rocni,2000
Passat,2007,350000,dizel,1968,103,rocni,5750
Passat,2012,350000,dizel,1598,77,rocni,8190
Touareg,2006,352000,dizel,2967,165,avtomatski,10500
Golf,2002,352000,dizel,1896,50,rocni,1950
Touareg,2009,354411,dizel,2967,176,avtomatski,11880
Passat,2008,355000,dizel,1968,103,rocni,4500
Passat,1998,356000,bencin,1781,110,rocni,950
Touran,2005,360000,dizel,1896,74,rocni,3500
Caddy,2008,360000,dizel,1896,77,rocni,5500
Touran,2005,360800,dizel,1896,77,rocni,3000
Touran,2005,362000,dizel,1896,77,rocni,2800
Golf,2001,366000,dizel,1896,85,rocni,1990
Golf,2004,366500,dizel,1896,66,rocni,1999
Transporter,2003,368500,dizel,2460,96,rocni,6440
Passat,2008,370000,dizel,1968,103,rocni,3700
Golf,2002,371500,dizel,1896,74,rocni,1500
Passat,2008,376000,dizel,1896,77,rocni,4600
Passat,2011,377000,dizel,1968,103,rocni,7150
Passat,2001,380000,dizel,1896,96,rocni,400
Touran,2005,390000,dizel,1968,103,rocni,2790
Golf,1999,390000,dizel,1896,81,rocni,530
Sharan,2002,396000,dizel,1896,85,rocni,1100
Passat,2003,402211,dizel,1896,96,rocni,2290
Passat,2002,415000,dizel,1896,81,rocni,1250
Passat,2002,415000,dizel,1896,96,rocni,1650
Passat,1999,422000,dizel,1896,81,rocni,800
Passat,1999,425000,dizel,1896,85,rocni,1000
Passat,2001,480000,dizel,1896,74,rocni,990
Jetta,1991,493779,dizel,1581,51,rocni,400
